The questions matter to me.,I feel responsible to make choices in these situations.,Please click the rightmost button.,I compare both options for each question and see how different they are to me.,I need more information about the questions to make my decisions.,additional_strategies,framing_awareness,framing_explanation,expected_value_check,participant_id
2,1,1,1,4,no,No,,5,0
2,2,1,2,2,no,No,,$5,1
2,2,1,1,3,Just my general feeling about the possible outcomes,No,,5,2
2,2,1,1,3,,No,,5,3
3,2,1,2,4,No,Yes,On other surveys,5,4
2,3,1,2,2,I did not use any strategies,No,no comment,10,5
1,2,1,2,2,,Yes,social dilemmas like the train hitting one or 4 people ,5,6
2,2,2,2,3,Na,No,,5,7
2,2,1,2,3,bit of simple maths/probability,Yes,I am aware of stats and outcomes,5,8
4,4,1,2,2,no,No,,5,9
1,1,1,1,3,,No,,5,10
1,1,1,1,3,I put myself tn the situation to see how I would feel with either option,No,,5,11
4,2,1,2,2,I calculated the percentage that would be infected if the chance went wrong and compared it to the percentage chance,No,,5,12
3,2,1,3,4,N/a,No,,5,13
2,2,1,2,2,,No,,10,14
3,2,1,3,2,no,No,no,5,15
2,2,1,2,3,Used probability to influence my decisions,No,,5,16
1,1,1,1,5,,No,,5,17
1,1,1,1,3,,No,,5,18
5,5,1,3,3,probability calc,Yes,stats,5,19
1,1,1,1,3,i always chose certainty,No,,2,20
3,3,1,1,3,,No,,5,21
2,1,1,2,2,,No,,5,22
4,2,1,2,2,,No,,5,23
2,2,1,1,1,,Yes,A similar issue to the trolly problem - which evil is greater etc.,5,24
3,2,1,3,2,Decision making ,No,,10,25
1,1,1,1,4,if the amount that could not be saved in the first option was more than half then it was worth risking the full amount or all of them.,No,,5,26
2,2,1,1,3,if outcomes were similar for the most negative outcome I'd opt for the hope.,No,,5,27
2,1,1,1,3,,No,,5,28
2,1,1,2,2,no,No,,10,29
3,4,1,4,2,thinking if this could actually happen,No,,10,30
3,2,1,2,2,tried to think which one would be more serious and how great the risk was,No,,5,31
3,2,1,2,3,I didn't,No,,10,32
1,1,1,2,3,,No,,10,33
3,2,1,2,1,No matter what the odds I felt were not on my side. It seemed both outcomes were bad,No,,20,34
2,2,1,1,4,,No,,5,35
2,3,1,2,3,,No,,5,36
1,1,1,1,5,,No,,5,37
4,4,1,2,4,no additional strategies was used,No,,4,38
3,1,1,2,4,i tried to think of the least bad situation,No,na,5,39
2,2,1,3,3,No,No,,10,40
3,4,1,2,2,No,No,,5,41
3,2,1,2,2,Used calculator when considering the 33.3% chance and 66.6% chance of XYZ ,No,,5,42
2,2,1,2,2,flipping the coin and assumption,No,,5,43
1,2,1,2,1,No,No,,10,44
1,2,1,2,1,"None, except just comparing between  the two option",No,,10,45
3,2,2,2,3,No,Yes,School,20,46
2,2,1,1,4,,No,,5,47
3,2,1,2,3,,No,,5,48
1,1,1,1,3,,No,,5,49
2,1,1,1,4,,No,,5,50
3,4,1,2,2,none,No,,5,51
4,2,1,3,4,no,No,,5,52
2,3,1,2,3,,No,,5,53
3,2,1,2,2,,No,,5,54
1,1,1,3,5,none,No,no,$10,55
2,2,1,2,4,Weighing up the odds and the potential risk involved.,No,,5,56
1,1,1,5,1,None ,No,,0,57
2,1,1,2,3,,No,,4,58
3,2,1,2,2,For some of the problems I calculated expected values.,Yes,"In maths books about probabilities, and expected value.",$5,59
1,2,1,1,3,,No,,5,60
3,3,1,2,3,human life above material,Yes,survey,5,61
2,2,1,2,3,,No,,5,62
3,4,1,2,2,I tried to work out the more favourable option,No,,$5,63
2,1,1,1,3,no,No,,5,64
4,2,2,3,2,I imagined myself being in the unfavourable of the senerio and how I would feel. ,No,,10$,65
3,1,1,2,4,None used,Yes,Have encountered studies where you have to make a decision from two not good scenarios!,5,66
2,2,1,1,2,,No,,5,67
3,2,1,2,3,NO,No,,5,68
3,2,1,1,3,,No,,5,69
2,2,1,2,2,no,No,,5,70
1,1,1,1,4,I chose the option that gave the most hope,No,,5,71
2,1,1,2,4,Yes - tried to balance the severity of the outcome.,No,,5,72
2,2,1,2,1,none,Yes,its the trolly problem,10,73
3,2,2,3,2,Try and pick the most beneficial choice,No,,5,74
3,2,1,2,4,Severity of situation (paintings versus death),No,,5,76
2,2,1,1,1,-,No,,5,77
2,2,1,2,2,,No,,5,78
1,2,1,2,4,i just made calculated risk,No,,10,79
2,2,1,1,3,"I think that a certain small success is better than a large chance of failure, especially when considering human lives.",No,,5,80
5,5,1,3,5,Not really - Sometimes I felt like I wanted to just randomize it because I wasn't 100% sure. So when you asked how confident I was I wasn't super confident at times. ,No,I don't think so,5,81
2,1,1,1,5,,No,,5,82
4,1,1,2,1,Calculation and probability,No,,5,83
2,1,1,1,2,,No,,5,84
2,3,1,2,3,,Yes,"i have seen types of questions like this in games, by friends asking what would I do in certain situations",10,85
2,2,1,1,4,None used.,No,,5,86
2,2,1,3,3,no,No,,5,87
2,1,1,2,2,,No,,5,88
2,2,1,2,4,none,No,,10,89
2,2,1,1,3,,No,,5,90
2,1,2,1,2,Nill,No,Nill,5,91
2,2,1,1,1,,Yes,Seen this question format before where two less than ideal options are compared,5,92
3,3,1,2,3,,No,,5,93
1,2,5,2,2,just the mindset,Yes,in the law of nature,10,94
4,2,1,1,3,,Yes,,5,95
1,2,1,2,2,No,No,,$10,96
3,3,1,2,2,no,No,,5,97
2,2,1,2,3,i did not use additional strategies,Yes,i have expirienced questions based on my decision making,5$,98
3,2,1,2,1,no i didnt,No,,10,99
3,2,1,3,3,no,No,,5,100
1,1,1,1,5,,No,,5,101
2,1,1,1,3,none I just chose,No,,10,103
2,1,1,1,4,,Yes,Occasionally in philosophy articles,5,104
3,2,1,1,3,No,No,,5,105
3,2,1,1,2,"For some of the questions I thought that if a method developed for causing no bad things to happen, it may be useful as a future tool, beyond the scenario.",No,,5,106
4,2,1,1,4,,No,,5,107
1,1,1,2,4,no,No,,10,108
2,1,1,2,1,,Yes,The questions reminded me of one of the questions in the Official Sorting Quiz on the Wizarding World website (the question about the potential cure for dragon pox).,5,109
4,4,1,2,3,no,No,na,$5,110
3,2,1,2,4,No.,Yes,A lot of other Prolific studies have similar decision making questions.,5,112
3,3,1,1,3,no,Yes,in behviorl econ clss,5,113
2,2,1,2,4,,No,,5,114
1,2,1,2,3,I like the idea of things being saved for sure. ,No,,5,115
2,1,1,2,2,"no i did not,i just had a thought of the one which will be most important",Yes,in my books while i was in university during my research project,5,116
3,3,1,2,2,Prioritize the least amount of overall damage.,No,,$5,117
2,2,1,1,1,,No,,5$,118
1,1,1,1,5,I chose the option with higher chance of success,No,,5,119
2,2,1,2,2,na,Yes,I have done another survey that had had similar type questions,5,120
3,2,2,2,3,,No,,5,121
2,2,1,2,3,,No,,$5,122
2,1,1,2,3,,No,,5,123
2,1,1,2,1,,Yes,A common moral dilemma involving driving,5,124
2,1,1,1,2,,No,,5,125
2,2,1,2,4,no,No,,50,126
2,2,1,1,3,I did not use additional startegies during the experiment,No,,10$,127
3,2,1,3,5,payoff average,Yes,Studied games theory many years ago,5,128
3,4,1,2,4,If human life was at risk I would risk to save as many as possible,No,,5,129
2,1,1,2,4,No,No,,5,130
1,2,1,2,2,no,No,,10,131
3,2,1,2,2,,No,,5,132
2,2,1,2,3,,No,,5,133
3,4,1,2,2,,No,,5,134
3,2,2,2,2,Calculate odds first.,No,,5,135
2,1,1,1,3,I thought if the percentage is 40 for surving at least there is chance to be recovered,No,,10,136
2,1,1,2,3,i really dont like unknown so if i can find a guarantee i look for it ,No,,10,137
3,3,1,2,2,Yes,Yes,What if scenarios,5,138
2,1,1,3,4,,Yes,The cart and the people on the train tracks dilemma.,$5,139
2,1,1,2,1,just what I thought would be the best option in an near impossible situation,No,,5,140
3,1,1,2,3,no,No,,5,141
2,2,1,2,2,No,Yes,cost benefit analysis questions are common/ would you rather questions,5,142
2,2,1,2,4,,No,,10,143
2,1,1,2,4,,No,,5,144
1,2,1,1,1,,No,,5,145
2,1,1,2,4,Tried figure out if the definite option caused less harm than the possible harm risked in the the other option,No,,5,146
2,2,1,1,3,,No,,5,111
2,2,1,1,3,I just would think about which of the two would be more harmful,No,,5,147
2,2,1,1,4,,No,,5,148
2,1,1,2,2,no,Yes,daily life,$10,149
1,1,1,1,1,Lowest casualties,No,,5,150
2,2,1,2,4,not really,No,,6.00,151
3,2,1,2,4,No I didn't,No,,$5,152
1,3,1,2,3,No Strategy,No,,5,153
2,2,1,2,2,,Yes,From a previous survey,5,154
3,2,1,2,2,,No,,10,155
2,1,3,1,3,NO,No,,10,156
1,1,1,1,1,i need more information to make my decisions,No,,10,157
1,1,1,1,4,,No,,5,158
2,1,1,2,5,I did not use any additional strategies.,No,,5,159
1,1,1,1,5,,No,,10,160
2,2,1,2,2,yes,Yes,estimating probabilities,5,75
2,2,1,2,4,"I mainly chose the option that was guaranteed to have a positive effect.  However if there was an option to save everyone/everything at a lower risk, I would choose it.  If again I didn't care if no one/thing was saved, I chose the more risky option.",No,,5,161
1,1,1,2,3,using less abstract survey questions. prefferably every day experiences,No,,10,162
3,1,1,3,4,I just put myself in the positions offered.,No,,5,163
3,2,1,2,1,,No,,5,164
1,1,1,1,4,,No,,$10,165
3,2,2,3,2,Weighing up the least amount affected by the options,No,,5,166
4,4,2,3,4,,No,,5,167
3,3,1,1,4,In general I tried to do what I thought would give the best result. ,Yes,Sounds a bit like the Trolley Problem? ,5,168
3,3,1,2,3,I thought about the importance of the situation ,No,,10,169
2,2,1,2,4,no,No,,5,170
2,1,1,2,4,,No,,5,171
1,2,1,1,2,"I weighed in on the worst case scenario. For cases, where human lives were not getting impacted, I took the high risk option",No,,5,102
2,2,1,2,3,"Basic maths, I considered the human impact for each scenario.",No,,5,172
2,2,5,2,4,,No,,5,173
1,1,1,1,1,I tried to consider what would be the most logical decision to make.,No,,5,174
2,2,1,2,3,no,No,,5,175
1,1,1,3,2,none,No,,5,176
2,2,2,2,3,"No, just probability ",No,,5,177
2,2,1,1,4,,No,,5,178
3,2,1,2,2,NO,No,,5,179
3,4,2,2,4,Just figured what would be better for most people in the long run,No,,5,180
3,2,1,3,2,,No,,10,181
2,1,1,2,4,i considered the percentage that would be lost compared to what would be saved in each scenerio,No,,10,182
3,2,1,2,3,,Yes,I've answered similar questions in other studies where it's a choice between guaranteed percentage or chance of all or nothing,5,183
1,2,1,1,4,No,No,,5,184
2,2,1,2,2,Yes,Yes,"I have encountered these scenarios and questions in online surveys, as well as during gaming sessions.",5$,185
4,2,1,2,3,"The precentage of how many people,disease, virus etc are safe",No,,10,186
2,3,1,2,4,nil,No,,5,187
3,2,1,1,3,,No,,5,188
3,2,1,1,4,,No,,5,189
4,1,1,3,2,,No,,5,190
5,4,1,2,2,none,No,,5,191
2,2,1,1,5,"Not really, though I tended to slightly favour a scenario where there was a reasonable chance there would be no adverse effects for anyone.",No,,5,192
3,2,1,2,1,na,No,,5,193
1,1,1,1,2,Just went with what felt right to me,No,,5,194
2,4,1,2,2,,No,,5,195
3,2,1,2,3,,No,,5,196
4,5,1,1,4,,No,,5,197
2,2,1,2,1,Slightly more risk gives better reward,No,,5,198
2,2,1,2,4,,No,,5,199
3,2,1,2,1,no,No,,5,200
2,2,1,2,4,,No,,10,201
2,1,1,2,4,common sense,No,,5,202
1,1,1,1,1,I just answered the questions to what i thought was the best option.,No,,5,203
2,2,1,2,3,,No,,5,204
1,1,1,2,2,,Yes,At Ysurvey,5,205
2,1,1,1,2,Nope,No,,5,206
2,2,1,3,2,I'd like to think I calculated the less risky answer,No,,5,207
4,4,1,2,1,I tried to reduce the damage as much as possible,Yes,I have encountered many hypotheticals and choosing the best of two bad options throughout my life.,5,208
2,2,1,2,2,,No,,10,209
2,2,1,2,4,,No,,0,210
2,1,1,2,3,,No,,5,211
1,1,1,2,5,,No,,5,212
2,1,1,1,2,I considered what the value/impact of the loss might be. For example the paintings destroyed may be irreplaceable whereas the computers infected with a virus would be replaceable and some of the information might be backed up (it would have helped with some more context on the impact of these things!).,No,,5,213
2,2,1,1,2,NONE,No,,5,214
2,2,1,3,2,,No,,10.00,215
1,2,1,2,4,I weighed where I would make the biggest loss,No,,5,216
2,2,1,1,3,,No,,10,217
1,1,1,1,2,Yes,No,,50,218
3,2,1,2,2,Tried to work out the numbers in relation to %,No,,5,219
2,2,1,2,2,I did not,Yes,"Similar as far as options with chances of all, some, or none, but different questions",5,220
3,2,1,1,4,NO,No,,0,221
2,2,1,3,2,,No,,5,222
2,2,2,2,4,Just went with my initial judgement ,No,,£5,223
2,2,1,1,3,no,Yes,I don't recall exactly where but I have encountered similar questions before,5,224
2,2,1,3,2,,No,,5,225
1,1,1,2,2,Nil,No,,5,226
2,1,1,1,3,,No,,10,227
2,2,1,2,3,I did not use additional strategies,No,,5,228
2,1,1,2,4,I used my basic knowledge of statistics,Yes,Through studying probability and percent chance of something happening as well as the implications of that,10,229
1,1,1,1,3,"No additional strategies but I just considered that if there can be little chance of not losing anything, I'd rather take a risk",Yes,There are certain studies that I've done before that test my decision making when it comes to risk,5,230
4,3,1,1,2,,No,,5,231
2,2,1,3,3,numbers/bigger impact,Yes,in studies/ in exams and some survey's,5,232
1,2,1,2,2,,No,,$10,233
1,3,1,1,3,NONE,Yes,Done a lot o research in the past.,$5,234
3,2,1,3,1,,Yes,We do it at work as risk assessment,5,235
2,1,1,2,1,I was concerned about whether they would affect lives vs material things,Yes,"Similar, but with less implied impact - i.e. ""would you take £2 now, or £5 later"" sort of thing. ",5,236
3,2,1,2,3,none,No,,5,237
2,2,1,2,2,,No,,10,238
2,1,1,2,4,,No,,10,239
3,2,1,3,4,Just was the risk worth the outcome,Yes,I've encountered similar questions but not the exact ones,5,240
2,1,1,2,2,USED RANDOM ASSESSMENT FACTOR TO ANALYSE,No,,5,241
1,1,1,1,5,no additional strategies just trying to choose which would have best results,No,,10,242
2,2,1,1,4,,No,,5,243
3,2,1,1,1,I did not.,No,,10,244
2,2,1,1,2,reasoning,No,,10,245
5,4,1,2,4,Instinct,No,,10,246
2,2,1,1,3,,No,,5,247
2,2,1,1,3,no,No,,10,248
3,2,1,2,1,,No,,5,249
2,2,1,2,2,,No,,5,250
2,2,1,2,1,I didn't,No,,0,251
2,2,1,1,3,"None, just gut feeling",No,,5,252
2,3,1,3,4,,No,,50,253
2,4,1,2,2,,No,,5,254
3,2,1,2,3,,No,,5,255
2,3,1,1,2,No,Yes,"Yes, through activities that teach ethics by using thical dilemmas and thought experiments.",10,256
3,2,1,2,2,,No,,5,257
3,2,1,3,4,no,No,,5,258
2,1,1,3,5,No additional strategies other than choosing what I thought would be best.,No,,5,259
3,2,1,2,2,what meant most to me,Yes,,5,260
2,2,1,2,3,,No,,5,261
3,2,2,2,2,none,No,,5,262
2,2,1,1,4,No,No,,5,263
2,2,1,2,1,,Yes,From doing surveys like these. I have not read what the researchers concluded from the surveys. ,5,264
4,1,1,1,2,probability,No,,5,265
2,2,1,2,4,no,No,,10,266
1,1,1,1,5,0,No,,0,267
1,1,1,1,2,I just tried to avoid the worst-case scenario.,No,,5,268
1,1,1,2,3,"No strategy used, i had to read the whole statements to make sure I understand",No,,$20,269
2,2,1,1,2,Calculated percentages on a calculator of events,Yes,"Examples are similar to those in 'Thinking, Fast and Slow''",5,270
2,2,1,2,3,"No, I just should probability and tried to go with the best solution",No,,5,271
2,2,1,2,5,I did not use any additional strategies.,No,,5,272
1,1,1,1,4,I did not.,Yes,I've done previous studies where I had to choose from limited option set.,5,273
2,2,1,2,2,,No,,5,274
4,3,1,2,2,none,No,,5,275
2,2,1,2,5,,No,,5,276
2,1,1,1,2,I outweighed the percentages vs the definite number i could save.,No,,5,277
3,2,2,2,4,My strategy was to save all than saving fe2,No,,5,278
3,3,1,3,3,none,No,,$5,279
1,2,1,1,3,,No,,5,280
2,2,1,1,1,I went with my gut feeling,No,no,0,281
3,3,1,1,2,,Yes,"in my career, there is a lot of decision making especially with regards to patients and medications",5,282
2,2,1,2,4,,Yes,I believe I have taken part in a similar study to do with directing an out of control lorry carrying poison.,5,283
2,2,1,2,4,"No, I did not use any additional strategies.",No,,5,284
2,2,1,1,1,I just tried to maximize help and minimize harm by choosing the option that seemed the most likely to achieve that. ,No,,5,285
3,5,3,5,3,,No,,20,286
2,2,1,1,2,no,No,,5,287
2,2,1,1,2,,No,,5,288
2,2,1,1,2,I just tried to weigh the options for certainty,No,,5,289
4,4,1,4,4,,No,,10,290
1,2,1,2,4,,No,,5,291
2,2,1,1,4,,No,,$10,292
2,2,1,1,3,Tried to judge the expected value of the choices.,Yes,Have done other studies on prolific in which I have asked similar questions about which option to choose when one is guaranteed and the other has a chance of not succeeding,5,293
1,2,1,1,5,I wanted to try my best to pick the best outcome for most people.,No,,0,294
1,1,1,2,5,,No,,5,295
1,2,1,2,3,None.,No,,5,296
2,2,1,1,3,"i considered the average expected loss for the options available and its impact on people, society nad history",No,,5,297
3,2,1,2,2,NO,No,,5,298
1,1,1,1,5,"I weighed the severity, risk and outcomes of the situation when making a choice.",No,,5,299
2,1,1,2,3,Benefit outweighing the risk strategy,No,,5,300
2,3,1,3,3,NO,No,,10,301
3,2,1,1,2,Not really,No,,$5,302
3,3,1,2,2,just base on luck/assumption,No,,50,303
1,2,1,2,2,I juts tried to weigh up the %,No,na,5,304
1,1,1,1,3,no,No,,5,305
3,2,1,2,3,no,No,,10,306
2,2,1,2,4,,No,,5,307
2,3,1,2,3,,No,,10,308
2,1,1,2,1,Just went with my gut instinct,No,,10,309
2,2,1,1,3,"Not really, just used my judgement",No,,5,310
3,2,1,2,2,no,No,,5,311
4,3,1,2,3,,No,,5,312
3,2,1,2,2,I just compared the two options and chose the better one,No,,2,313
2,2,1,2,2,,No,,5,314
1,1,1,1,3,no,No,,5,315
3,3,1,2,3,In the cases of human lives i weighed which would be more beneficial to humanity.,No,,5,316
3,2,1,3,1,no,No,no,5,317
2,2,1,1,3,none,No,,5,318
2,2,1,3,4,,No,,10,319
1,1,1,1,4,no,No,,10,320
2,1,1,2,3,I often went for the option I felt had the greatest benefit but the risk was also acceptable.,No,,5,321
1,1,1,1,3,no,No,,10,322
3,2,1,2,2,nil strategies,No,,5,323
1,1,1,1,4,,Yes,From other studies with similar premises.,5,324
2,3,1,3,2,no,No,,10,325
3,2,1,2,2,,Yes,Other studies on prolific,5,326
1,1,1,1,2,none,No,,5,327
1,1,1,2,3,No. I did not use any additional strategies.,Yes,"I have encountered similar decision-making scenarios in books about behavioral economics and psychology, particularly in discussions about the framing effect and risk perception.",5,328
2,1,1,1,3,No,Yes,Common problem solving that most people see in hypothetical situations,5,329
2,2,2,3,3,No I did not use additional strategies during the experiment.,No,,0,330
2,1,1,1,3,i did not,No,,10,331
2,2,1,1,4,"Just judgement which option seemed best for me. I would not flip the coin, why would I leave important decisions to chance. ",No,I have not,5,332
2,2,1,1,4,no,No,,5,333
2,1,1,2,2,I tried to decide which outcome would be the worst and avoid it.,No,,5,334
2,1,1,2,3,I didn't use any additional strategies,Yes,I have answered similar questions on a previous study in the past,10,335
2,2,1,3,3,NO,No,,10,336
2,2,1,1,3,mental mathss,No,,5,337
2,3,1,2,2,"i tried to look at the best potential outcomes, with the least amount of risk",No,,5,338
1,1,1,1,1,COIN TOSS,No,,50,339
2,2,1,2,2,I just compared the 2,No,,5,340
2,1,1,2,2,,Yes,"The questions I've seen usually give two bad options, but ine of them is essentially a gamble between an even worse outcome or a better one. ",5,341
2,2,1,2,4,I chose the middle option if it wasn't a life and death situation. Otherwise I wanted to choose left to save as many people as I could without taking a risk.,No,,2,342
2,2,1,1,4,No,Yes,I have encountered similar types of choices playing role-playing video games,2,343
3,2,1,1,2,NO,No,,5,344
2,1,1,1,3,,No,,5,345
2,2,1,2,2,Was dependent on the risk to life.,No,,5,346
1,2,1,2,2,"No strategy used, just thought the best solution for each problem at that time.",No,,5,347
4,2,1,3,2,no strategy,No,,5,348
2,2,1,1,3,,Yes,From social media about the train tracks. Which tests your moral ground.,10,349
4,2,1,2,2,No additional strategies used.,No,,50,350
3,2,1,1,1,"Yes, I just calculated 66.6 percent of one of the numbers given ",Yes,I was playing a hypothetical game with my friend and we were asking each other similar questions. ,5,351
1,1,1,1,1,none,No,,10,352
3,4,1,2,1,,No,,10,353
3,1,1,2,3,,No,,10,354
2,2,1,2,2,no,No,,5,355
2,2,1,3,2,take chances on 40% as it might be more just depends on probability,No,,30,356
2,2,2,3,5,,No,,5,358
2,2,1,3,4,,No,,3,359
2,2,1,2,1,,No,,5,360
3,5,1,4,2,nil,No,,5,361
3,3,1,2,3,,No,,10,362
2,3,1,2,2,No,No,,5,363
2,2,1,1,2,I used Bayes theorem ,No,,5,364
2,2,1,1,1,none,No,,10,365
3,2,1,2,3,no,No,,10,366
2,2,1,4,3,none,No,,10,367
3,2,1,1,5,I consider the best possible outcome. Some choices had exterme risk. eg 66% no of the paintings would be saved/ ,No,No,4.99,368
2,2,1,1,2,Reasoning pros and cons.,No,,0,369
2,3,1,1,2,,No,,5,370
2,2,1,2,4,,No,,5,371
1,1,1,1,3,I picked guarantee of success over high chance of failure 100% of the time,No,,5,372
2,2,1,2,3,no,No,,5,373
2,1,1,1,3,"I tried to do achieve the most good, as I saw it.",No,I have not.,5,374
2,1,1,2,1,I choose the option with less damage.,No,,5,375
2,2,1,1,2,none,Yes,Philosophy,5,376
2,2,1,2,3,no,No,,50% of getting 10,377
2,1,1,1,2,,No,,5,378
2,2,1,3,1,I tried to imagine the best outcome for all,Yes,I've seen these type of questions before where you can't really make a good choice but you need to make a choice,0,379
3,2,1,2,4,went with gut,No,,0,380
5,5,1,5,5,Not at all,No,,5,381
2,3,1,1,1,no,No,,10 or 0,382
1,1,1,1,3,"Basically my strategy was to minimize the risk of having the absolute worst outcome. I personally think that achieving at least somewhat of a good outcome is better than risking it all and achieving the worst outcome, even if there is a chance that the best outcome is the result.",No,,5,383
1,1,1,1,5,No,No,,5,357
2,2,1,1,1,tried to work on which has a more certain and less impact,No,,5,384
4,2,1,2,3,No,Yes,The trolley problem,5,385
2,2,1,1,3,Nope,No,,5,386
3,3,1,2,2,,No,,10,387
3,1,1,1,2,"I just went with what seemed logical to me, I tried to go for what seemed a guaranteed good outcome for many rather than a gamble",No,,5,388
2,1,1,1,3,I weighed the options based on probabilities,Yes,"Yes, during the math lesson when working out probabilities",5,389
1,1,1,1,3,No i did not use additional strategies,No,,10,390
2,4,1,2,1,,No,,5,391
4,2,1,1,4,no,No,,5,392
2,2,1,2,2,NO,No,,10,393
3,2,1,1,3,I didn't use any additional strategies,No,,5,394
2,2,1,3,2,caculations of the percentages and amounts to be saved,No,,5,395
3,2,1,4,4,No,No,,5,396
2,1,1,2,3,no,No,,5,397
1,2,1,2,3,,No,,5,398
2,2,1,1,2,,No,,5,399
1,2,1,2,2,,Yes,"Yes! These questions remind me much of the scenarios that would be presented to us during Philosophy  class. We would often have discussions surrounding the topic of ""do the needs of many outweigh those of the few"" and how making no choice is also a choice.",5,400
2,2,1,1,1,No,No,,5,401
2,1,1,1,2,nill,Yes,I have encountered situation where I have to make decision based on percentage ,10,402
2,1,1,2,4,No,No,,5,403
2,2,2,2,3,yes,No,,10,404
2,2,1,1,3,See which one had the greatest probability of success,No,,5,405
2,2,1,1,2,No,No,,5,406
3,2,1,2,2,no,Yes,,4,407
3,3,1,2,1,no,No,,10,408
2,2,2,2,4,,No,,5,409
3,2,1,2,2,no,No,,5,410
2,2,1,2,2,,No,,5,411
2,2,1,1,4,,Yes,In other surveys.,5,412
2,2,1,2,2,no i did not use  other strategies,No,,5,413
2,2,1,2,3,,No,,5,414
2,2,1,1,4,,No,,5,415
2,1,3,1,5,NO,No,,10,416
3,2,1,2,4,I was simply doing comparisons in my head.,No,,5,417
2,2,1,2,3,"No, just basic judgement",No,,5,418
3,2,1,2,3,,No,,10,419
4,4,1,2,2,No additional strategies,No,,5,420
2,2,1,2,2,no,No,,10,421
2,2,1,2,2,,No,,0,422
2,2,1,2,3,No,No,,10,423
2,2,1,2,5,,No,,5,425
1,1,1,1,5,,No,,10,426
2,2,1,2,3,,No,,5,427
1,1,1,1,3,Ratio of the value for the certain option (first option) to the value for the worst case (second option),No,,5,428
2,2,1,2,5,emotion,No,,5,429
1,1,1,1,2,,No,,0,430
2,3,1,2,5,"No, I just weighed the options",Yes,"This reminds me of the trolley problem, wherein an individual has to decide whether to sacrifice one person to save a larger number of people",5,431
4,4,1,2,2,,No,,5,432
1,1,1,1,2,,No,,5,434
3,2,2,2,4,calculator,No,no,10,435
1,1,1,2,3,,No,,$40,436
1,2,1,2,1,,No,,1,437
3,2,1,1,4,No,Yes,Train tracks situation,5,438
2,2,1,2,2,No any additional strategies used,No,,5,424
2,2,1,2,2,I tried to see what was most and least likely to happen and if they caused more or less damage/deaths,Yes,Other surveys and the trolley scenario,10,439
2,2,1,2,2,I did consider the probability versus the guarantee of the other option and the numbers involved as part of the decision making process.. I tried to overlay a human element as well.,Yes,"I have read similar things online, particularly when covid hit, ",5,440
1,1,1,1,1,,No,,5,441
2,2,1,2,3,,No,,5,442
1,1,1,1,3,just my own judgement,No,,5,443
2,2,1,1,3,,No,,5,444
2,2,1,2,3,no,Yes,i got a survey asking a similar question to that,10,445
1,1,1,1,3,none,No,none,5,446
2,2,1,2,3,,No,,5,447
1,1,1,1,2,,No,,5,448
2,1,1,1,4,,No,,5,449
1,1,1,1,2,I tried putting myself in the position of being the final decision maker,Yes,we are asked to decide whether to save 20 people and let one person die by a car crash on the one person who can possibly prevent the 20 people from being killed by the car,5,450
3,4,1,2,2,"To a certain extent, I felt more comfortable taking risks when the consequences would affect material resources (paintings) as opposed to, for example, human lives",Yes,"Yes, I discussed the trolley problem several times throughout my academic experience. ",5,451
2,1,1,1,4,I just tried to evaluate the risks/benefits cost for each options,No,,5,452
3,5,1,3,2,,Yes,other surveys,5,453
2,2,1,1,1,None.,No,,0,454
2,1,1,2,2,"I did consider the ""importance"" of what was being saved. For example, it's more important to save lives than it is saving computers from viruses. Computers can always be replaced. Lives cannot.",No,,5,455
5,4,1,1,1,"I decided which would be the least harmful, if the most likely probability happened ",Yes,"In school, studying morals ",5,456
2,2,1,2,5,No,No,,10,433
4,2,1,3,4,,No,,0,457
2,2,1,2,2,no,No,,10,458
4,3,1,1,1,own knowledge,No,no,5,459
2,2,1,1,2,I basically didn't want to take the risk of 0 people/ things being saved at all and it being on my conscience,No,,5,460
2,2,1,2,2,"Not really, I just chose what felt most right",Yes,Just in conversation with friends about the greater good. Or subjects on tv shows,5,461
2,1,1,1,4,,No,,5,462
3,2,1,2,4,,No,,10,463
1,1,1,1,5,none,Yes,it was about shopping in a particular mall,5,464
2,3,1,3,3,1,Yes,Yes I have ,5,465
2,2,1,1,2,I tried to calculate the expectation value in my head,Yes,These are basically trolley problems,5,466
3,3,1,2,2,I did what felt right in my gut and brain.,No,,10,467
2,1,1,1,2,I just went with the best option according to me.,No,,$10,468
3,2,1,2,3,I chose the option that guaranteed a good outcome ,No,,5,469
2,2,1,2,2,NO,No,,5,470
3,2,1,2,2,no,No,,5,471
2,2,1,2,4,I just weighed the risk for each scenario,No,,5,472
2,2,1,2,1,"i went with my gut feeling, but i also calculated the percentages given. ",No,,5,473
2,3,1,2,4,no,No,,5,474
1,1,1,1,5,No,No,,10,475
2,1,1,2,3,"I have to think of the worst outcome, so 'all dying' is too big a risk for example.",Yes,"Other studies, which had similar questions around Covid, and other possible diseases.",5,476
1,1,1,1,3,,No,,5,477
2,1,2,2,2,,No,,5,478
2,1,1,1,4,no,No,no,10,479
2,3,1,1,1,no strategies used,No,no,5,480
3,4,1,2,2,,No,,5,481
1,1,1,1,5,,No,,5,482
1,1,1,1,5,none,No,,5,483
4,2,1,1,4,"None, specifically",No,,5,484
2,2,1,2,4,none,No,,5,485
4,2,1,2,3,,No,,10,486
2,2,2,2,2,yes,No,,10,487
2,2,1,4,4,none,No,,5,488
1,2,1,2,3,Tried to go with the outcome with the best result and zero or little harm,No,,5,489
3,2,1,2,2,no,No,,0,490
2,2,1,2,3,I worked out the %'s to give me the best outcome.,No,,$5,491
1,1,1,1,3,,Yes,I have had to decide between two options about various situations.,5,492
2,2,1,1,2,"No, I didn't.",No,This is my first encounter to such type of questions.,5,493
1,2,1,1,4,I did not use additional strategy,No,no,10,494
5,5,3,4,5,I used a risk-averse strategy when analyzing options without the coin flip,No,,Average = (0.5 × $10) + (0.5 × $0) = $5 + $0 = $5,495
3,2,1,2,2,,No,,10,496
3,3,1,1,1,followed through the instructions,No,have not,5,497
1,1,1,1,5,no,No,,5,498
2,2,1,4,3,none,No,,10,499
3,2,1,1,3,,No,,5,500
1,1,1,2,3,Just made sure atleast some things/lives could be saved ,No,,5,501
2,2,1,3,3,,No,,$10,502
2,2,1,1,2,,No,,5,503
2,2,1,1,3,I favored the more conservative option with greater certainty for the more serious and existential choices,Yes,Similar concepts mentioned in discussions of population ethics I've read,5,504
2,1,1,2,4,,No,,6,505
2,2,1,1,5,No,No,,5,506
2,2,1,2,1,,No,,5,507
2,2,1,2,3,No strategies,No,,5,508
3,2,1,2,2,,No,,5,509
2,2,1,2,3,There was no additional strategy other than calculation the percentage,No,,5,510
1,2,1,1,4,tried to calculate the odds in my head. Given more time i would have used a calculator and chose the option with the best odds.,No,,5,511
1,1,1,1,4,no,No,,5,512
3,2,1,2,2,Just weighed up the chances vs risk,No,,5,513
2,2,1,1,2,,No,,10,514
2,2,1,2,2,not really ,Yes,"There is that popular train situation where save one life or two if move track, also I have done some prolific studies describing hostage scenario and choice has to be made about saving number of lives ",2,515
3,2,1,1,4,It all came down to the numbers,No,,10,516
3,2,1,2,3,i thought of the overall effect,No,,5,517
1,1,1,1,5,I went with the choice which was less detrimental.,No,,5,518
2,2,1,1,5,My own judgement,No,,5,519
1,1,1,1,1,No additional strategies used.,No,I have never encountered such question before.,0,520
3,2,1,1,4,no,No,,$5,521
2,2,1,2,3,No - assessed best of the worse case scenarios,No,,5,522
2,2,1,3,1,I look at the percentage of risk involved,No,,10,523
1,1,1,2,3,,No,,5,524
1,1,1,1,4,I chose the option that was certain enough.,No,,50,525
2,2,1,3,4,,No,,5,526
3,1,1,1,4,no i weighd the prbability,No,,1,527
2,2,1,2,3,none,No,,10,528
3,3,1,2,2,no,No,,5,529
1,1,1,1,4,I only avoided risk. ,No,,10,530
2,2,1,1,4,No,No,,10,531
1,1,1,1,5,no,No,,5,532
2,1,1,1,2,,No,,5,533
2,2,1,2,3,I calculated the probabilities while making my decisions,Yes,some studies require that i calculate the percentage between 0% and 100%,5,534
2,2,1,2,2,no,No,,5,535
2,1,1,2,1,,Yes,"These kinds of dilemmas are actually inspired by something called the Asian Disease Problem, which was created by psychologists Amos Tversky as well as Daniel Kahneman back in the 1980s. Their research showed the way a problem is framed. It can completely change people's decisions, whether it's focused on gains, like “lives saved,” or losses, like “lives lost.” Even if all of the options are logically the same, we tend to make different of the choices just based on the way how the situation is worded.",5,536
2,2,1,2,4,,No,,$5,537
2,2,1,2,3,Risk vs benefit ,No,,5,538
2,2,1,2,2,,No,,5,539
1,1,1,1,3,no,No,,5,540
2,2,1,2,4,No,No,,5,541
4,2,1,2,4,,No,,5,542
2,2,1,2,3,I did not use any additional strategies,No,,10,543
3,4,1,2,4,harm reduction,Yes,I've done surveys and studies where questions like these were asked of me before,5,544
2,3,1,3,3,Non,No,,5,545
4,3,1,2,2,No additional strategies,No,,5,546
2,2,5,2,2,random answers,No,,10,547
2,2,1,2,2,none,No,,1,548
3,2,1,2,4,Sometimes I think in these situations its best to look at the guaranteed numbers and work from there,No,,5,549
2,1,1,4,2,,No,,5,550
3,3,1,1,3,A bird in hand.....,No,,5,551
3,2,1,2,1,just mathematical logic,No,,5,552
3,2,1,2,1,no,Yes,I get a lot of questions like that from studies,5$,553
1,1,1,1,4,common sense,No,,5,554
2,3,1,1,1,Anything involving human lives I chose the option that guaranteed some lives would be saved.,Yes,I have been through those sorts of gimmick sites where you make ethical choices (i.e. trolley problem etc.),5,555
2,2,1,2,2,no,No,,5,556
2,2,1,2,2,,No,,5,557
2,2,1,2,2,,No,,5,558
1,3,1,2,1,,Yes,political science courses,5,559
1,1,1,1,3,no,No,,7,560
2,1,1,1,3,I calculated the percentages  options to determine on the best decision  for the questions,No,,5,561
3,2,1,1,1,"No, just evaluated on their face.",No,,5,562
2,2,1,1,1,,No,,5,563
3,3,1,2,4,,No,,1,564
3,2,3,2,2,just analyzing ,No,none,30,565
2,3,1,2,3,no additional strategies,Yes,reminded me of the trolley problem,$5,566
3,3,2,2,3,,No,,5,567
2,2,1,2,2,,No,,5,568
2,2,1,2,3,no,No,no,5,569
1,1,1,1,1,,No,,5,570
2,3,1,3,1,,No,,5,571
2,2,1,1,3,,No,,5,572
3,3,1,2,4,none,No,,5,573
3,1,1,2,5,,No,,10,574
1,1,1,2,2,NO,No,,5,575
4,2,1,2,1,,No,,5,576
1,1,1,1,3,No,No,,5,577
1,1,1,1,5,I ruled out probabilities like the middle option because there was a risk that all of the scenario remains unresolved. I quickly ruled out the 3rd option of flipping a coin because that kind of probability in one flip is too much responsibility for me,No,,5,578
2,2,1,2,4,I evaluated odds,No,,5,579
3,3,2,4,4,I want to save as many as possible and not take too many risks ,Yes,In exam questions ,20,580
2,2,1,2,3,none,No,,20,581
3,2,1,2,1,,No,,5,582
3,2,1,2,4,nothing,No,,5,583
1,1,3,1,1,I did a little bit of calculations.,No,,5,584
2,2,1,2,2,,No,,$5,585
3,1,1,1,2,no,No,,50,586
2,1,1,2,4,NIL,No,NIL,5,587
1,1,1,1,1,None.,Yes,Having to make a decision about rationing food.,5,588
2,2,1,1,2,,No,,10,589
3,2,1,2,3,i thought about whats the greater number to be saved ,No,,50,590
1,3,1,1,1,,Yes,In my studies at a critical thinking course a few years ago.,5,591
3,3,1,3,3,no,No,,5,592
4,2,1,1,2,,No,,5,593
3,2,1,2,3,Strategic reasoning of the brain,No,,50,594
2,2,1,2,2,Consider how high the percentages of success is,No,,5,595
2,1,1,1,2,No,No,,5,596
3,5,3,5,5,no,No,not really ,40,597
1,2,2,3,4,No,No,,10,598
2,3,1,2,4,no,No,,5,599
2,2,1,3,3,NONE,No,,5,600
2,2,1,2,4,none,No,,10,601
3,1,1,1,2,no ,No,,100,602
2,1,1,1,5,,No,,5,603
2,1,1,1,4,,No,,10,604
4,4,1,4,1,No,No,,5,605
2,3,2,2,3,No I did not. ,No,,5,606
1,3,1,4,3,no,No,,5,607
2,3,1,1,4,,No,,5,608
2,2,1,1,3,,No,,5,609
1,3,1,2,3,no,No,,5,610
3,1,1,2,3,,No,,5,611
1,1,1,1,3,,Yes,"I have suffered questions that involve a extreme answer or a soft answer that begets casualities before, essentially here i am being given two choices, one risks it all while the other is conservative but suffers losses/casualties.",0,612
2,2,1,2,1,none,No,,5,613
1,1,1,1,1,none,No,none,10,614
2,2,1,1,3,some math but mostly feelings,No,,5,615
4,2,1,2,3,percent ration compared to how many people/items would be safed,Yes,studies on prolific,5,616
1,2,1,1,2,,No,,5,617
2,2,1,3,2,no I didn't ,No,,10,618
1,1,1,1,2,"By applying empathy, I was able to put myself in relevant scenarios in regards to the various situations. ",No,,0,619
2,2,1,2,3,,No,,10,620
2,2,1,1,1,,No,,5,621
2,2,1,2,2,"Considered the potential consequences, extreme vs less extreme.",No,,5,622
2,2,1,2,3,"I mentally weighed the certainty of outcomes against the potential for greater reward, considering risk tolerance and impact of each decision.",No,,5,623
3,2,1,2,1,No,No,,100,624
1,2,1,1,2,"I considered the possible outcomes of each decision based on potential gains versus effort or risk. I also tried to think about how I would respond in a real-life version of the scenario, factoring in emotional responses, fairness, and long-term benefit when applicable.",No,,"So, the average amount you'd get per toss is $5",625
2,1,1,3,2,,No,,6,626
3,2,1,2,4,none,No,,5,627
2,2,1,2,2,,No,,10,628
1,2,1,2,3,,No,,5,629
4,2,1,1,3,,No,,5,630
3,2,1,2,2,i was more cautious when the risk involved humans being hurt,No,,5,631
1,1,1,1,5,No,No,,20,632
3,3,1,1,1,No. I just read each scenario,No,,5,633
2,1,1,1,2,Risk vs reward,No,,5,634
4,3,1,2,2,,No,,10,635
3,2,1,3,3,no,Yes,Quiz style questions,5,636
1,2,1,1,4,Trying to determine which odds were the best to provide the best outcome.,No,,5,637
3,2,1,2,2,The expected value of the option with a probability,No,,5,638
2,2,1,2,3,,No,,5,639
1,1,1,2,2,no,No,,5,640
1,1,1,1,2,,No,,10,641
2,2,1,2,3,No,No,,5,642
2,1,1,2,4,"Not really, just evaluated how I feel about the options",No,,5,643
2,2,1,2,4,,No,,10,644
4,3,1,2,4,na,No,na,5,645
1,1,1,2,3,no,No,,10,646
2,1,1,1,3,,No,,5,647
3,2,1,2,3,I didn't,No,,0,648
1,2,1,3,2,no,No,,5,649
2,2,1,2,3,% saved and lethality of the problem itself,No,,5,650
2,2,1,1,3,,No,,5,651
1,1,1,1,4,no i just compared the options mathematically to know the one with the most advantage,No,,5,652
3,2,1,3,4,,No,,5,653
2,2,1,1,3,"I try to use the strategy of facts over emotions. For example, saving a certain number of lives is better than a 60% percent chance of saving no lives at all. ",No,,5,654
2,1,1,1,2,"Ethical reasoning, empathy",No,,5,655
2,1,1,2,3,"Some things I was more worried about the human cost, others I tried to use logic",No,,5,656
1,1,1,1,2,No,No,,50,657
1,1,1,1,5,"I just tried to weigh up the probability and choose the best option, although I was never confident that it was.",No,,5,658
2,2,1,2,3,No,No,,5,659
3,3,1,2,2,,No,,50,660
3,1,1,3,3,,No,,5,661
3,2,1,2,2,,No,,4,662
4,2,5,2,2,What would be best,No,,5,663
2,2,1,2,3,"thinking about the real consequences, harm to people and society",No,,5,664
2,2,1,3,2,No,No,,10,665
3,2,1,1,4,No,No,,5,666
3,2,1,2,5,Considered what was at stake.,No,,5.00,667
3,3,1,3,1,No,No,,5,668
2,2,1,1,3,Calculating the expected value for each,Yes,"Looking at expected value, discussing similar hypotheticals with friends",5,669
2,2,1,2,3,,Yes,i have encountered this in my philosphy studies in univeristy and other prolific surveys,10,670
2,2,1,2,1,No,Yes,From puzzle game,5,671
1,1,1,1,5,none,No,no,5,672
3,3,1,3,2,No,No,,5,673
1,1,1,2,3,I imagine myself in the presented scenarios before taking the decisions.,Yes,"I had been asked these questions in my previous studies, which required a clear and deep thought process before making choices as regards each study.",5,674
3,2,1,1,3,,No,,5,675
2,1,1,2,3,I tried to work out what I would consider an acceptable outcome,No,,5,676
2,2,1,2,4,,Yes,I have seen a similar survey before,5,677
1,1,1,1,2,I tried calculating the possibility of a better option and it all round up to similar outcomes.,No,,5,678
2,2,1,2,3,,No,,5,679
2,2,1,2,1,"Calculated risks, minimized regret, framed choices, trusted certainty.",No,,$5,680
1,1,1,1,5,"None, I just used the information provided",No,,5,681
2,2,1,2,4,I mainly focused on picking the option with the most certain outcome. I also considered the potential risks and rewards of each choice to guide my decision.,Yes,"Yes, I’ve encountered similar questions in studies on decision-making and risk, where people choose between certain outcomes and risky ones. These questions help explore how we weigh potential rewards and risks.",5,682
1,1,1,1,5,No,No,,5,683
2,2,2,2,3,No,No,,5,684
1,1,1,1,1,i did not use any additional strategies.,No,,10,685
2,2,1,2,4,,No,,5,686
