age,gender,if_English_mother_language,nationality,education_level,if_problem,question1,problem_content,participant_id
36,Female,Yes,British,Bachelor's degree,No,,,0
47,Female,Yes,Irish,Bachelor's degree,No,,,1
38,Male,Yes,UK,Master's Degree,No,,,2
24,Male,Yes,Canada,High school,No,,,3
52,Male,Yes,British,High school,No,,,4
30,Male,Yes,Keyan,Bachelor's degree,No,,no comment,5
23,Female,Yes,Irish,Bachelor's degree,No,,,6
37,Male,Yes,British,Bachelor's degree,No,,,7
52,Male,Yes,british,Bachelor's degree,No,,,8
26,Male,Yes,white british,Bachelor's degree,No,,,9
38,Female,Yes,British,Bachelor's degree,No,,,10
55,Female,Yes,british,Master's Degree,No,,,11
26,Male,Yes,British,High school,No,,,12
53,Female,Yes,Canadian,Bachelor's degree,No,,,13
27,Female,Yes,Nigerian,Bachelor's degree,No,,,14
24,Male,Yes,Nigeria,Bachelor's degree,No,,no,15
33,Male,Yes,British,Bachelor's degree,No,,,16
24,Male,Yes,South African,Bachelor's degree,No,,,17
26,Male,Yes,South Africa,Bachelor's degree,No,,,18
27,Female,Yes,Canada,Bachelor's degree,No,,,19
53,Female,Yes,uk,Bachelor's degree,No,,,20
27,Female,Yes,British,Master's Degree,No,,,21
55,Male,Yes,British,Bachelor's degree,No,,,22
20,Female,Yes,British,High school,No,,,23
26,Male,Yes,British,High school,No,,,24
33,Male,Yes,Briton ,Bachelor's degree,No,,,25
51,Female,Yes,British,Master's Degree,No,,,26
40,Male,Yes,british,Master's Degree,No,,,27
37,Female,Yes,British ,Bachelor's degree,No,,,28
31,Female,Yes,british,Bachelor's degree,No,,,29
52,Female,Yes,british,High school,No,,,30
23,Female,Yes,English,Bachelor's degree,No,,,31
37,Male,Yes,New Zealander,Ph.D. or higher,No,,,32
46,Female,Yes,British,Master's Degree,No,,,33
34,Male,Yes,Canadian ,Bachelor's degree,No,,,34
56,Male,Yes,Scottish,Bachelor's degree,No,,,35
33,Female,Yes,Britsih,High school,No,,,36
26,Male,Yes,Nigerian,Bachelor's degree,No,,,37
31,Male,Yes,african-american,Bachelor's degree,No,,,38
41,Female,Yes,British,High school,No,,,39
32,Male,Yes,Dominican,High school,No,,,40
59,Female,Yes,British,High school,No,,,41
55,Male,Yes,Canadian,High school,No,,,42
35,Male,Yes,United Kingdom,Master's Degree,No,,,43
51,Female,Yes,South African,Bachelor's degree,No,,,44
29,Female,Yes,South African ,Bachelor's degree,Yes,,The question where i was asked to click on the rightmost option,45
46,Male,Yes,Canadian,High school,No,,,46
21,Male,Yes,American,Bachelor's degree,No,,,47
46,Female,Yes,British,High school,No,,,48
43,Male,Yes,Canadian,Bachelor's degree,No,,,49
31,Male,Yes,Canadian,High school,No,,,50
40,Male,Yes,canadian,High school,No,,,51
49,Female,Yes,American,High school,No,,,52
45,Female,Yes,British,Master's Degree,No,,,53
24,Male,Yes,Canadian,Bachelor's degree,No,,,54
56,Female,Yes,British,High school,No,,,55
31,Male,Yes,british,Master's Degree,No,,,56
44,Female,Yes,Canadian ,Ph.D. or higher,No,,,57
27,Male,Yes,South African,High school,No,,,58
42,Male,Yes,British,Bachelor's degree,No,,,59
40,Female,Yes,Canadian,Bachelor's degree,No,,,60
55,Female,Yes,british,Bachelor's degree,No,,,61
54,Male,Yes,English,Ph.D. or higher,No,,,62
37,Female,Yes,British,Master's Degree,No,,,63
54,Female,Yes,British,High school,No,,,64
20,Female,Yes,South Africa ,Bachelor's degree,No,,,65
60,Male,Yes,British,Bachelor's degree,No,,,66
29,Prefer not to respond,Yes,British,Bachelor's degree,No,,,67
23,Male,Yes,British,High school,No,,,68
47,Prefer not to respond,Yes,USA,Bachelor's degree,No,,,69
36,Female,Yes,irish,High school,No,,,70
54,Female,Yes,British,High school,No,,,71
34,Male,Yes,Canada,Master's Degree,No,,,72
24,Male,Yes,american,Bachelor's degree,No,,,73
22,Male,Yes,British,Bachelor's degree,No,,,74
22,Female,Yes,American,Bachelor's degree,No,,,76
37,Female,Yes,British,Bachelor's degree,No,,,77
25,Male,Yes,white,High school,No,,,78
26,Female,Yes,Nigeria,Bachelor's degree,No,,,79
36,Male,Yes,English,Bachelor's degree,No,,,80
33,Female,Yes,Canadian,Master's Degree,No,,Not that I know of... maybe only my own level of intelligence lol,81
34,Male,Yes,Philippians,Master's Degree,No,,,82
57,Female,Yes,United Kingdom,Bachelor's degree,No,,,83
26,Male,Yes,South African,High school,No,,,84
56,Female,Yes,British,High school,No,,,85
55,Male,Yes,British,High school,No,,,86
27,Female,Yes,ugandan,Master's Degree,No,,,87
25,Male,Yes,British,Master's Degree,No,,,88
37,Female,Yes,british,High school,No,,,89
33,Female,Yes,Canadian,High school,No,,,90
24,Male,Yes,United Kingdom,Bachelor's degree,No,,,91
30,Female,Yes,Scottish,Bachelor's degree,No,,,92
56,Female,Yes,british,Master's Degree,No,,,93
21,Male,Yes,uk,Bachelor's degree,No,,no contents,94
21,Male,Yes,British,High school,No,,,95
20,Female,Yes,Black Caribbean,Bachelor's degree,No,,,96
27,Female,Yes,US,High school,No,,,97
21,Female,Yes,British,Bachelor's degree,No,,,98
19,Male,Yes,British,Ph.D. or higher,No,,,99
52,Male,Yes,british,High school,No,,,100
35,Female,Yes,Philippian ,Master's Degree,No,,,101
35,Female,Yes,south african,Bachelor's degree,No,,,103
36,Female,Yes,British,Bachelor's degree,No,,,104
28,Female,Yes,British,High school,No,,,105
31,Male,Yes,British,Master's Degree,No,,,106
30,Male,Yes,english,Bachelor's degree,No,,,107
24,Female,Yes,american,Bachelor's degree,No,,,108
27,Female,Yes,British,Bachelor's degree,No,,,109
56,Male,Yes,UK,Master's Degree,No,,na,110
47,Male,Yes,Canada,Ph.D. or higher,No,,,112
24,Female,Yes,us,Master's Degree,No,,,113
55,Female,Yes,british,High school,No,,,114
39,Female,Yes,British,Bachelor's degree,No,,,115
25,Female,Yes,UK,Master's Degree,No,,none,116
29,Female,Yes,Canadian,Bachelor's degree,No,,,117
21,Female,Yes,Canadian,Bachelor's degree,No,,,118
27,Female,Yes,British,Master's Degree,No,,,119
41,Female,Yes,US Citizen,Bachelor's degree,No,,,120
35,Male,Yes,British,Bachelor's degree,No,,,121
26,Male,Yes,canadian,Bachelor's degree,No,,,122
23,Female,Yes,European / White,High school,No,,,123
43,Female,Yes,British,Master's Degree,No,,,124
30,Male,Yes,British,High school,No,,,125
41,Male,Yes,British,High school,No,,,126
42,Female,Yes,South African,Bachelor's degree,No,,,127
60,Male,Yes,uk,Bachelor's degree,No,,,128
23,Male,Yes,British,High school,No,,,129
50,Male,Yes,Spanish,Master's Degree,No,,,130
27,Female,Yes,South African,Bachelor's degree,No,,,131
21,Female,Yes,Canadian,Bachelor's degree,No,,,132
34,Male,Yes,Canadian,Bachelor's degree,No,,,133
52,Male,Yes,Canadian,Bachelor's degree,No,,,134
33,Male,Yes,British,Bachelor's degree,No,,,135
40,Female,Yes,Zimbabwean,Bachelor's degree,No,,,136
50,Female,Yes,Canadian,High school,No,,,137
47,Female,Yes,British,Bachelor's degree,No,,,138
37,Male,Yes,British,Bachelor's degree,No,,,139
60,Male,Yes,British,Bachelor's degree,No,,,140
25,Female,Yes,Nigerian,Bachelor's degree,No,,,141
35,Female,Yes,Canada,Bachelor's degree,No,,,142
28,Female,Yes,South Africa,Master's Degree,No,,,143
25,Male,Yes,American,Bachelor's degree,No,,,144
29,Male,Yes,USA,Master's Degree,No,,,145
48,Female,Yes,American,High school,No,,,146
22,Female,Yes,Canadian,Bachelor's degree,No,,,111
23,Female,Yes,Canadian,Bachelor's degree,No,,,147
53,Male,Yes,British,Bachelor's degree,No,,,148
39,Female,Yes,africa-american,Bachelor's degree,No,,,149
43,Male,Yes,British,High school,No,,,150
31,Female,Yes,American,Bachelor's degree,No,,,151
54,Female,Yes,English,High school,No,,,152
32,Male,Yes,Nigeria,Master's Degree,No,,,153
36,Male,Yes,British,High school,No,,,154
43,Female,Yes,british,Bachelor's degree,No,,,155
21,Male,Yes,British,High school,No,,,156
37,Male,Yes,American,Bachelor's degree,No,,,157
52,Female,Yes,American,Bachelor's degree,No,,,158
44,Female,Yes,British,Master's Degree,No,,,159
41,Male,Yes,Black,High school,No,,,160
30,Male,Yes,UK,Bachelor's degree,No,,,75
46,Male,Yes,Canadian/Asian,Bachelor's degree,No,,,161
26,Male,Yes,united kingdom,Bachelor's degree,No,,,162
50,Female,Yes,Scottish,High school,No,,,163
51,Prefer not to respond,Yes,Canadian,High school,No,,,164
48,Male,Yes,South African,High school,No,,,165
30,Female,Yes,British,High school,No,,,166
25,Male,Yes,White British,High school,No,,,167
41,Male,Yes,British,Bachelor's degree,No,,,168
50,Female,Yes,British,High school,No,,,169
32,Female,Yes,canadian,Bachelor's degree,No,,,170
42,Male,Yes,American,Master's Degree,No,,,171
38,Male,Yes,Canadian,Master's Degree,No,,,102
37,Male,Yes,English,Bachelor's degree,No,,,172
25,Male,Yes,British,High school,No,,,173
42,Female,Yes,Zimbabwean,Bachelor's degree,No,,,174
43,Male,Yes,english,High school,No,,,175
31,Male,Yes,british,High school,No,,,176
56,Female,Yes,British ,Bachelor's degree,No,,,177
31,Male,Yes,British,Bachelor's degree,No,,,178
30,Male,Yes,Nigerian,Master's Degree,No,,,179
38,Male,Yes,Canadian ,High school,No,,,180
51,Female,Yes,British,High school,No,,,181
53,Female,Yes,english,Master's Degree,No,,,182
50,Male,Yes,Irish,Bachelor's degree,No,,,183
27,Female,Yes,South African,Bachelor's degree,No,,,184
21,Male,Yes,British,Master's Degree,No,,,185
18,Female,Yes,Canadian,High school,No,,,186
29,Male,Yes,Nigerian,Bachelor's degree,No,,,187
31,Male,Yes,English,Master's Degree,No,,,188
26,Female,Yes,British,Bachelor's degree,No,,,189
26,Male,Yes,British,Bachelor's degree,No,,,190
33,Male,Yes,Canada,Bachelor's degree,No,,,191
55,Male,Yes,British,Bachelor's degree,No,,,192
33,Female,Yes,Scottish,High school,No,,,193
36,Female,Yes,USA,High school,No,,,194
26,Female,Yes,Canadian,High school,No,,,195
57,Male,Yes,British,Bachelor's degree,No,,,196
30,Female,Yes,Canadian,Bachelor's degree,No,,,197
23,Male,Yes,British Pakistani,Bachelor's degree,No,,,198
27,Male,Yes,English,Master's Degree,No,,,199
46,Female,Yes,British,Bachelor's degree,No,,,200
29,Female,Yes,British,Bachelor's degree,No,,,201
22,Female,Yes,British,Bachelor's degree,No,,,202
57,Female,Yes,English,High school,No,,,203
57,Male,Yes,UK,High school,No,,,204
28,Male,Yes,Nigeria,Master's Degree,No,,,205
33,Male,Yes,RSA,Bachelor's degree,No,,,206
49,Male,Yes,British,High school,No,,,207
27,Female,Yes,United States,Master's Degree,No,,,208
25,Female,Yes,british,High school,No,,,209
24,Male,Yes,South African,Bachelor's degree,No,,,210
28,Male,Yes,Nigeria,Master's Degree,No,,,211
24,Female,Yes,South African,Bachelor's degree,No,,,212
43,Female,Yes,British,Master's Degree,No,,,213
30,Male,Yes,Australian,Master's Degree,No,,,214
41,Female,Yes,American,Master's Degree,No,,The coin toss question should say how many times you flip the coin to get an average. ,215
58,Female,Yes,British,Ph.D. or higher,No,,,216
35,Male,Yes,united kingdom,Master's Degree,No,,,217
37,Female,Yes,American,Bachelor's degree,Yes,,The Coin toss question,218
58,Female,Yes,British,Bachelor's degree,No,,,219
54,Female,Yes,American,High school,No,,,220
30,Female,Yes,australian,High school,No,,,221
21,Female,Yes,Canadian,Bachelor's degree,No,,,222
32,Female,Yes,British ,Bachelor's degree,No,,,223
60,Male,Yes,Canadian,Bachelor's degree,No,,,224
25,Male,Yes,UK,Bachelor's degree,No,,,225
26,Male,Yes,UK,Bachelor's degree,No,,,226
42,Female,Yes,African American,High school,No,,,227
28,Male,Yes,American,Bachelor's degree,No,,,228
30,Female,Yes,South African,Master's Degree,No,,,229
29,Male,Yes,South African,Bachelor's degree,No,,,230
31,Male,Yes,British,High school,No,,,231
34,Female,Yes,honduras,Bachelor's degree,No,,,232
26,Female,Yes,United Kingdom,Master's Degree,No,,,233
24,Female,Yes,American.,Master's Degree,No,,,234
34,Non-conforming,Yes,British,High school,Yes,,One of the statements - I think the 4th one in the survey - was confusingly worded,235
35,Female,Yes,UK,Master's Degree,No,,,236
35,Male,Yes,American,Bachelor's degree,No,,,237
50,Female,Yes,British,Bachelor's degree,No,,,238
33,Female,Yes,Filipino,Bachelor's degree,No,,,239
42,Male,Yes,Irish,Bachelor's degree,No,,,240
23,Female,Yes,British ,Bachelor's degree,No,,,241
37,Female,Yes,british,High school,No,,,242
55,Male,Yes,british,Bachelor's degree,No,,,243
39,Male,Yes,British,Bachelor's degree,No,,,244
25,Female,Yes,british,Bachelor's degree,No,,,245
29,Female,Yes,irish,Bachelor's degree,No,,,246
24,Female,Yes,English,High school,No,,,247
39,Male,Yes,Bengali,Bachelor's degree,No,,,248
36,Female,Yes,BRITISH,Master's Degree,No,,,249
38,Female,Yes,English,Master's Degree,No,,,250
26,Male,Yes,British,High school,No,,,251
41,Female,Yes,British,Bachelor's degree,No,,,252
23,Male,Yes,South Africa,Master's Degree,No,,,253
37,Female,Yes,New Zealand,Bachelor's degree,No,,,254
20,Female,Yes,British,Bachelor's degree,No,,,255
37,Female,Yes,South African,Master's Degree,No,,,256
55,Male,Yes,USA,Bachelor's degree,No,,,257
35,Female,Yes,British,Bachelor's degree,No,,,258
18,Female,Yes,American,High school,No,,,259
35,Male,Yes,British,Below high school,No,,,260
43,Male,Yes,Canadian,Master's Degree,No,,,261
35,Male,Yes,Indian,Master's Degree,No,,,262
29,Male,Yes,Ghanaian,Bachelor's degree,No,,,263
51,Male,Yes,Australian and Canadian,Bachelor's degree,No,,,264
44,Male,Yes,British,Bachelor's degree,No,,,265
48,Female,Yes,Scottish,High school,No,,,266
56,Female,Yes,British,Bachelor's degree,No,,,267
60,Male,Yes,British,High school,No,,,268
30,Male,Yes,South Africa,Bachelor's degree,No,,,269
43,Male,Yes,British,Bachelor's degree,No,,,270
32,Female,Yes,British,Bachelor's degree,No,,,271
40,Female,Yes,South African,Bachelor's degree,No,,,272
44,Male,Yes,Irish,Bachelor's degree,No,,,273
29,Female,Yes,British,Master's Degree,No,,,274
52,Male,Yes,Philippines ,Master's Degree,No,,,275
34,Female,Yes,British,Bachelor's degree,No,,,276
23,Male,Yes,American,High school,No,,,277
26,Female,Yes,South African ,Bachelor's degree,No,,,278
27,Female,Yes,South African,Bachelor's degree,No,,,279
55,Female,Yes,english,Bachelor's degree,No,,,280
30,Female,Yes,uk,Master's Degree,No,,,281
27,Female,No,Kenyan,Bachelor's degree,No,,,282
45,Female,Yes,British,Bachelor's degree,No,,,283
35,Female,Yes,Kenyan,Ph.D. or higher,No,,,284
58,Male,Yes,American,Master's Degree,No,,,285
37,Male,Yes,united kingdom,Master's Degree,No,,,286
41,Female,Yes,biritsh,Bachelor's degree,No,,,287
21,Female,Yes,American,Bachelor's degree,No,,,288
43,Male,Yes,British,Bachelor's degree,No,,,289
19,Female,Yes,British,Bachelor's degree,No,,,290
23,Male,Yes,South African,Bachelor's degree,No,,,291
24,Male,Yes,United Kingdom,Bachelor's degree,No,,,292
39,Male,Yes,British,Bachelor's degree,No,,,293
40,Male,Yes,British,Bachelor's degree,No,,,294
30,Male,Yes,Nigerian,Master's Degree,No,,,295
32,Female,Yes,South African,Bachelor's degree,No,,,296
29,Female,Yes,Nigerian,Master's Degree,No,,,297
24,Female,Yes,UNITED STATES,Ph.D. or higher,No,,,298
23,Male,Yes,Canadian,High school,No,,,299
36,Male,No,Nigerian,Master's Degree,No,,,300
27,Male,Yes,UK,Master's Degree,No,,,301
33,Male,Yes,American,High school,No,,,302
29,Female,Yes,nigeria,Master's Degree,No,,,303
50,Female,Yes,british,High school,No,,na,304
58,Female,Yes,American,Master's Degree,No,,,305
31,Male,Yes,UK,Bachelor's degree,No,,,306
36,Male,Yes,New Zealand,Bachelor's degree,No,,,307
30,Male,Yes,south african,Bachelor's degree,No,,,308
35,Male,Yes,english,High school,No,,,309
50,Male,Yes,British,Master's Degree,No,,,310
46,Female,Yes,British,Bachelor's degree,No,,,311
26,Male,Yes,british,Bachelor's degree,No,,,312
39,Female,Yes,South African,High school,No,,,313
37,Male,Yes,British,Bachelor's degree,No,,,314
44,Female,Yes,US,High school,No,,,315
31,Male,Yes,Nigeria,Master's Degree,No,,,316
29,Female,Yes,white,High school,No,,no,317
22,Male,Yes,South African,Bachelor's degree,No,,none,318
45,Male,Yes,united state of america,Master's Degree,No,,,319
40,Female,Yes,South African,High school,No,,,320
39,Male,Yes,British,Bachelor's degree,No,,,321
30,Male,Yes,british,High school,No,,,322
28,Female,Yes,british,Master's Degree,No,,,323
33,Female,Yes,American,Bachelor's degree,No,,,324
30,Male,Yes,united state,Ph.D. or higher,No,,,325
23,Male,Yes,English,Bachelor's degree,No,,,326
32,Female,Yes,Scottish,Bachelor's degree,No,,,327
23,Male,Yes,United Kingdom of Great Britain and Northern Ireland,Bachelor's degree,No,,,328
30,Male,Yes,White British,Bachelor's degree,No,,,329
25,Female,Yes,South African,High school,No,,,330
23,Male,Yes,UK,Bachelor's degree,No,,,331
35,Male,Yes,UK,Bachelor's degree,No,,,332
47,Female,Yes,From the USA,Bachelor's degree,No,,,333
40,Female,Yes,American,Bachelor's degree,No,,,334
36,Female,Yes,British,High school,No,,,335
40,Female,Yes,South African,Bachelor's degree,No,,,336
58,Female,Yes,British,Master's Degree,No,,,337
36,Male,Yes,white - british,High school,No,,,338
25,Male,Yes,Kenyan,Bachelor's degree,No,,,339
23,Female,Yes,South African,Bachelor's degree,No,,,340
23,Male,Yes,British ,High school,No,,,341
40,Female,Yes,american,High school,No,,,342
30,Male,Yes,Zimbabwean,Master's Degree,No,,,343
59,Male,Yes,British,Bachelor's degree,No,,,344
35,Female,Yes,british nigerian,Bachelor's degree,No,,,345
44,Male,Yes,British ,High school,No,,,346
26,Male,Yes,Zimbabwean,Bachelor's degree,Yes,,,347
21,Female,Yes,British,High school,No,,,348
21,Male,Yes,British,High school,No,,,349
58,Female,Yes,British,Bachelor's degree,No,,,350
22,Female,Yes,South African ,High school,No,,,351
31,Female,Yes,united kingdom,Master's Degree,No,,,352
24,Female,Yes,south african,Bachelor's degree,No,,,353
33,Female,Yes,Nigerian,Master's Degree,No,,,354
39,Female,Yes,British,High school,No,,,355
26,Male,Yes,South Africa,Bachelor's degree,No,,,356
26,Female,Yes,UK,Bachelor's degree,No,,,358
51,Female,Yes,usa citizen,Master's Degree,No,,,359
34,Female,Yes,South Africa,High school,No,,,360
34,Male,Yes,Nigeria,Master's Degree,No,,,361
22,Male,Yes,British ,Bachelor's degree,No,,,362
29,Female,Yes,British,Bachelor's degree,No,,,363
30,Male,No,Nigerian ,Master's Degree,No,,,364
28,Female,Yes,South African,Bachelor's degree,No,,,365
53,Female,Yes,British,Bachelor's degree,No,,,366
60,Female,Yes,African American,High school,No,,,367
44,Male,Yes,Irish,Master's Degree,No,,,368
45,Female,Yes,Canadian,Bachelor's degree,No,,,369
30,Female,Yes,Canadian/Croatian,Bachelor's degree,No,,,370
26,Male,Yes,United Kingdom,Master's Degree,No,,,371
32,Female,Yes,Australian,High school,No,,,372
23,Male,Yes,British,Bachelor's degree,No,,,373
37,Male,Yes,American,Bachelor's degree,No,,No,374
24,Female,Yes,British,Bachelor's degree,No,,,375
54,Male,Yes,British,Ph.D. or higher,No,,,376
27,Female,Yes,American,Bachelor's degree,No,,,377
20,Female,Yes,SOUTH AFRICAN,Bachelor's degree,No,,,378
53,Female,Yes,British,High school,No,,,379
48,Male,Yes,british,Bachelor's degree,No,,,380
25,Male,Yes,South African,High school,No,,,381
24,Male,Yes,el salvador,High school,No,,,382
30,Male,Yes,Canadian,High school,No,,,383
34,Female,Yes,British,Bachelor's degree,No,,,357
31,Female,Yes,british,Ph.D. or higher,No,,,384
22,Male,Yes,Polish,High school,No,,,385
54,Female,Yes,UK,Bachelor's degree,No,,,386
42,Female,Yes,british,High school,No,,,387
42,Male,Yes,English,High school,No,,,388
35,Male,Yes,American,Bachelor's degree,No,,I do not,389
32,Female,Yes,Nigeria,Ph.D. or higher,No,,,390
46,Male,Yes,English,Bachelor's degree,No,,,391
36,Female,No,Lithuanian,Bachelor's degree,No,,,392
36,Female,No,SOUTH AFRICAN,High school,No,,,393
33,Female,Yes,British,Bachelor's degree,No,,,394
40,Male,Yes,UK,Bachelor's degree,No,,,395
26,Male,Yes,New Zealander,High school,No,,,396
46,Female,Yes,Ireland,High school,No,,,397
36,Female,Yes,British,Bachelor's degree,No,,,398
22,Male,Yes,Welsh,High school,No,,,399
29,Female,Yes,Canadian,Bachelor's degree,No,,,400
47,Male,Yes,British,Bachelor's degree,No,,,401
30,Female,Yes,Nigerian,Ph.D. or higher,No,,no,402
33,Male,Yes,English,High school,No,,,403
22,Male,Yes,British,Bachelor's degree,No,,,404
34,Male,Yes,South African,Bachelor's degree,No,,,405
39,Male,Yes,Irish,Master's Degree,No,,,406
47,Male,Yes,british,High school,No,,,407
33,Female,Yes,South African,High school,No,,,408
33,Male,Yes,British ,Master's Degree,No,,,409
36,Male,Yes,Irish,Bachelor's degree,No,,,410
41,Female,Yes,American,High school,No,,,411
22,Male,Yes,Caribbean-American,Bachelor's degree,No,,,412
24,Male,Yes,united states of america,Master's Degree,No,,,413
31,Male,Yes,canadian,Bachelor's degree,No,,,414
39,Female,Yes,British / English,High school,No,,,415
46,Male,Yes, American,Master's Degree,No,,,416
43,Male,Yes,USA,High school,No,,,417
54,Male,Yes,English,Bachelor's degree,No,,,418
21,Male,Yes,British,Bachelor's degree,No,,,419
58,Male,Yes,British,Bachelor's degree,No,,,420
28,Male,Yes,Nigerian,Master's Degree,No,,,421
51,Female,Yes,british,Bachelor's degree,No,,,422
60,Female,Yes,African American,High school,No,,,423
28,Female,Yes,Canadian,Bachelor's degree,No,,,425
41,Male,Yes,British,High school,No,,,426
50,Male,No,Polish,Bachelor's degree,No,,,427
27,Male,Yes,White,Bachelor's degree,No,,,428
51,Female,Yes,british,Bachelor's degree,No,,,429
27,Female,Yes,American,Bachelor's degree,No,,,430
31,Female,Yes,American,Bachelor's degree,No,,,431
39,Male,Yes,UK,Master's Degree,No,,,432
22,Female,Yes,Nigerian,Bachelor's degree,No,,,434
48,Male,Yes,South african,High school,No,,none,435
24,Female,Yes,Nigerian,Bachelor's degree,No,,,436
28,Female,Yes,Irish,Bachelor's degree,No,,,437
24,Female,Yes,Australian,Bachelor's degree,No,,,438
23,Male,Yes,United Kingdom,Ph.D. or higher,No,,,424
32,Female,Yes,Canadian,Bachelor's degree,Yes,,I'm pretty bad at math so I didn't know what to answer for the last one with the heads and tails coin flip,439
39,Male,Yes,British,High school,No,,,440
27,Male,Yes,Kenya,Master's Degree,No,,,441
45,Male,Yes,British,High school,No,,,442
47,Male,Yes,British,High school,No,,,443
45,Male,Yes,English,Bachelor's degree,No,,,444
22,Male,Yes,Kenyan,Bachelor's degree,No,,,445
26,Female,Yes,nigerian,Bachelor's degree,No,,none,446
28,Male,Yes,British,Master's Degree,No,,,447
32,Female,Yes,British,Bachelor's degree,No,,,448
41,Female,Yes,british,Bachelor's degree,No,,,449
23,Male,Yes,NIGERIAN,Bachelor's degree,No,,NONE,450
31,Female,Yes,Italian/British,Master's Degree,No,,,451
50,Male,Yes,French,Master's Degree,No,,,452
59,Male,Yes,British,High school,No,,,453
36,Female,Yes,British,High school,No,,,454
39,Female,Yes,Canadian,Bachelor's degree,No,,,455
19,Female,Yes,scottish,High school,No,,,456
44,Female,Yes,United Kingdom,Master's Degree,No,,,433
26,Female,Yes,Canadian,Bachelor's degree,No,,,457
38,Male,Yes,United Kingdom,Master's Degree,No,,,458
54,Male,Yes,united kingdom,Master's Degree,No,,no,459
40,Male,Yes,British,Bachelor's degree,No,,,460
39,Female,Yes,British,Bachelor's degree,No,,,461
30,Male,Yes,United Kingdom,High school,No,,,462
20,Female,Yes,Austrian,High school,No,,,463
22,Female,Yes,south African ,Bachelor's degree,No,,,464
21,Female,Yes,British,Bachelor's degree,No,,,465
34,Male,Yes,American,Master's Degree,No,,,466
30,Female,Yes,American,High school,No,,,467
31,Female,Yes,United Kingdom,Bachelor's degree,No,,,468
47,Female,Yes,British,Bachelor's degree,No,,,469
41,Female,Yes,ENGLISH,Bachelor's degree,No,,,470
38,Female,Yes,British,Master's Degree,No,,,471
34,Male,Yes,American,High school,No,,,472
21,Female,Yes,Hong Kong SAR,Bachelor's degree,No,,,473
41,Male,Yes,British,High school,No,,,474
24,Female,Yes,South African,Bachelor's degree,No,,,475
44,Male,Yes,British,High school,No,,,476
24,Female,Yes,British,Master's Degree,No,,,477
50,Male,Yes,American,Master's Degree,No,,,478
29,Female,Yes,South African,Bachelor's degree,No,,no,479
24,Female,Yes,united kingdom,Bachelor's degree,No,,no,480
29,Male,Yes,British,Bachelor's degree,No,,,481
26,Female,Yes,American,Bachelor's degree,No,,,482
34,Male,Yes,Irish,Master's Degree,No,,,483
28,Male,Yes,USA,Master's Degree,No,,,484
22,Female,Yes,British,High school,No,,,485
55,Female,Yes,northern irish,High school,No,,,486
24,Male,Yes,British,Bachelor's degree,Yes,,,487
42,Male,Yes,Pakistani,High school,No,,,488
28,Male,Yes,Nigerian,Master's Degree,No,,,489
51,Female,Yes,UK,High school,No,,,490
35,Female,Yes,British,Bachelor's degree,No,,,491
33,Female,Yes,Irish,High school,No,,,492
26,Male,Yes,UK,High school,No,,It was clear to me.,493
39,Male,Yes,South African,Bachelor's degree,No,,,494
51,Female,Yes,United Kingdom,Ph.D. or higher,No,,,495
27,Female,Yes,Nigerian,Bachelor's degree,No,,,496
34,Female,Yes,united kingdom,Bachelor's degree,No,,no problems,497
33,Male,Yes,Nigerian,Bachelor's degree,No,,,498
53,Female,Yes,American,Master's Degree,No,,,499
25,Male,Yes,United States,Below high school,No,,,500
35,Female,Yes,UK,Master's Degree,No,,,501
37,Female,Yes,Canadian,Master's Degree,No,,,502
26,Prefer not to respond,Yes,British,Bachelor's degree,No,,,503
45,Male,Yes,New Zealand,Bachelor's degree,No,,,504
29,Male,Yes,British,Bachelor's degree,No,,,505
55,Male,Yes,British,High school,No,,,506
38,Male,Yes,Zimbabwean,Bachelor's degree,No,,,507
42,Female,Yes,Welsh,High school,Yes,,Last question on average amount of money on a coin toss did not make sense,508
21,Male,Yes,British,High school,No,,,509
25,Female,Yes,Philippine in Asia,Bachelor's degree,No,,Not Applicable,510
54,Male,Yes,united kingdom,High school,No,,,511
44,Female,Yes,UK,Master's Degree,No,,,512
36,Male,Yes,British,Bachelor's degree,No,,,513
50,Female,Yes,British,Bachelor's degree,No,,,514
32,Male,Yes,Scottish,Master's Degree,No,,,515
47,Male,Yes,English,Master's Degree,No,,,516
32,Female,Yes,white ,Bachelor's degree,No,,,517
53,Female,Yes,British,High school,No,,,518
32,Female,Yes,British,Bachelor's degree,No,,,519
27,Male,Yes,AMERICAN,Bachelor's degree,No,,,520
55,Female,Yes,British,Bachelor's degree,No,,,521
43,Male,Yes,British,Bachelor's degree,No,,,522
35,Male,Yes,American,High school,No,,,523
25,Female,Yes,South African,Bachelor's degree,No,,,524
44,Male,Yes,American,Bachelor's degree,No,,,525
50,Male,Yes,United states of America,Ph.D. or higher,No,,,526
29,Male,Yes,south African,Bachelor's degree,No,,,527
32,Male,Yes,South African,Bachelor's degree,No,,,528
42,Female,Yes,usa,Bachelor's degree,No,,,529
26,Female,Yes,South African,Bachelor's degree,No,,,530
37,Male,Yes,United States,Master's Degree,No,,,531
56,Male,Yes,American,Master's Degree,No,,,532
33,Male,Yes,British,High school,No,,,533
37,Female,Yes,Nigerian,Master's Degree,No,,,534
29,Male,Yes,New Zealander,Bachelor's degree,No,,,535
24,Male,Yes,Australian,Ph.D. or higher,No,,,536
58,Male,Yes,British,High school,No,,,537
25,Female,Yes,British,Master's Degree,No,,,538
41,Female,Yes,British,Bachelor's degree,No,,,539
57,Male,Yes,British,Bachelor's degree,No,,,540
25,Male,Yes,English,Bachelor's degree,No,,,541
31,Female,Yes,Irish,High school,No,,,542
25,Female,Yes,South African,Bachelor's degree,No,,,543
42,Male,Yes,Irish,High school,No,,,544
22,Male,Yes,English ,High school,No,,,545
40,Female,Yes,Irish,Master's Degree,No,,,546
30,Male,Yes,poland,Bachelor's degree,No,,,547
47,Female,Yes,British,High school,No,,,548
41,Male,Yes,UK,Master's Degree,No,,,549
24,Female,Yes,us,Master's Degree,No,,,550
57,Female,Yes,AMERICAN,Master's Degree,No,,,551
32,Female,No,Australian,High school,No,,,552
23,Female,Yes,American,Bachelor's degree,No,,,553
45,Male,Yes,South African,High school,No,,,554
29,Male,Yes,Australian,High school,No,,,555
29,Male,Yes,British,Bachelor's degree,No,,,556
55,Male,Yes,USA,High school,No,,,557
52,Male,Yes,English,Bachelor's degree,No,,,558
36,Male,Yes,Canadian,Bachelor's degree,No,,,559
54,Male,Yes,United States,Master's Degree,No,,,560
30,Male,Yes,United Kingdom,Master's Degree,No,,,561
46,Male,Yes,UK,High school,No,,,562
58,Female,Yes,British,Bachelor's degree,No,,,563
53,Female,Yes,british,High school,No,,,564
31,Male,Yes,USA,Master's Degree,No,,none,565
49,Female,Yes,British American,Ph.D. or higher,No,,no problems understanding,566
51,Male,Yes,canadian,Master's Degree,No,,,567
47,Female,Yes,South African,Bachelor's degree,No,,,568
55,Male,Yes,american,Master's Degree,No,,,569
25,Male,Yes,CANADA,Bachelor's degree,No,,,570
51,Female,Yes,british,Bachelor's degree,No,,,571
24,Female,Yes,South African,Bachelor's degree,No,,,572
31,Male,Yes,British,High school,No,,,573
25,Male,Yes,Black,Bachelor's degree,No,,,574
69,Female,Yes,UK,Master's Degree,No,,,575
32,Male,Yes,British,Bachelor's degree,No,,,576
28,Male,Yes,British,Master's Degree,No,,,577
58,Male,Yes,British,High school,Yes,,The average win on a flip £10 or 0. This is the kind of risk I don't take ,578
47,Male,Yes,New Zealander,Bachelor's degree,No,,,579
33,Female,Yes,South African ,High school,No,,,580
32,Female,Yes,south african,Bachelor's degree,No,,,581
25,Female,Yes,british,Bachelor's degree,No,,,582
32,Female,Yes,Nigeria,Master's Degree,No,,,583
38,Female,Yes,American,Bachelor's degree,No,,,584
22,Male,Yes,British,High school,No,,,585
29,Female,Yes,british,High school,No,,,586
41,Male,Yes,USA,Bachelor's degree,No,,NIL,587
25,Female,Yes,South African,High school,No,,,588
36,Male,Yes,UK,Bachelor's degree,No,,,589
36,Female,Yes,english,High school,No,,,590
20,Female,Yes,British Japanese,High school,No,,,591
41,Female,Yes,uk,Ph.D. or higher,No,,,592
38,Male,Yes,Irish,Master's Degree,No,,,593
42,Female,No,SOUTH AFRICAN,Bachelor's degree,No,,,594
22,Male,Yes,Australian,Bachelor's degree,No,,,595
25,Male,Yes,South Africa,Bachelor's degree,No,,,596
21,Male,No,Nigerian,Bachelor's degree,No,,,597
27,Female,Yes,American,Bachelor's degree,No,,,598
40,Female,Yes,UNITED STATES,Master's Degree,No,,,599
25,Female,Yes,SOUTH AFRICAN,Bachelor's degree,Yes,,,600
35,Female,Yes,South African,Bachelor's degree,No,,,601
35,Male,Yes,united state,Ph.D. or higher,No,,,602
26,Male,Yes,British,Master's Degree,No,,,603
55,Male,Yes,British,High school,No,,,604
46,Male,No,UK,Master's Degree,No,,,605
23,Female,Yes,African,Bachelor's degree,No,,,606
23,Male,Yes,british pakistani,Bachelor's degree,No,,,607
18,Male,Yes,Nigerian,High school,No,,,608
39,Male,Yes,British,Master's Degree,No,,,609
29,Male,Yes,nigerian,Master's Degree,No,,,610
28,Female,Yes,South Africa,Ph.D. or higher,No,,,611
28,Male,Yes,Portuguese,Bachelor's degree,No,,,612
39,Female,Yes,British,Bachelor's degree,No,,,613
29,Female,Yes,United States of America,Bachelor's degree,No,,none,614
57,Male,Yes,Italian,Bachelor's degree,No,,,615
27,Female,Yes,british,High school,No,,,616
40,Female,Yes,American,High school,No,,,617
26,Female,Yes,White,High school,No,,,618
29,Male,Yes,South African,High school,No,,,619
29,Female,Yes,British,High school,No,,,620
28,Male,Yes,Greek,Bachelor's degree,No,,,621
43,Male,Yes,Irish,Master's Degree,No,,,622
33,Female,Yes,American,Ph.D. or higher,No,,,623
32,Male,Yes,American,Master's Degree,No,,,624
53,Female,Yes,US,Master's Degree,No,,,625
27,Female,Yes,Zimbabwe,Bachelor's degree,No,,,626
64,Female,Yes,british,High school,No,,,627
32,Female,Yes,Unites States of America,High school,No,,,628
24,Male,Yes,New Zealand,High school,No,,,629
23,Male,Yes,American,Bachelor's degree,No,,,630
40,Female,Yes,british,Bachelor's degree,No,,,631
32,Female,Yes,South African,Bachelor's degree,No,,,632
38,Female,Yes,British,High school,No,,,633
30,Male,Yes,South African,High school,No,,,634
24,Female,Yes,northern irish/irish,Master's Degree,No,,,635
38,Male,Yes,British,Bachelor's degree,No,,,636
32,Male,Yes,USA,Ph.D. or higher,No,,,637
24,Male,Yes,British,Master's Degree,No,,,638
27,Male,No,South African,High school,No,,,639
28,Male,Yes,USA,Master's Degree,No,,,640
53,Female,Yes,American,Bachelor's degree,No,,,641
57,Male,Yes,British,High school,No,,,642
26,Male,No,Polish,Bachelor's degree,No,,,643
56,Male,Yes,United States,Ph.D. or higher,No,,,644
21,Female,Yes,British,High school,No,,na,645
26,Female,Yes,south african,Bachelor's degree,No,,,646
29,Male,Yes,British,Master's Degree,No,,,647
23,Male,Yes,Indian,High school,No,,,648
45,Female,Yes,united states,Ph.D. or higher,No,,,649
21,Male,Yes,Australian,High school,No,,,650
54,Male,Yes,Canadian,High school,No,,,651
32,Female,Yes,Nigerian,Ph.D. or higher,No,,,652
31,Female,Yes,United States,Master's Degree,No,,,653
56,Male,Yes,American,Bachelor's degree,No,,,654
37,Female,Yes,United States,Bachelor's degree,No,,,655
37,Female,Yes,British,Master's Degree,No,,,656
32,Male,Yes,British,Bachelor's degree,No,,,657
58,Female,Yes,British,High school,No,,,658
27,Male,Yes,American,Master's Degree,No,,,659
28,Male,Yes,Caucasian,Master's Degree,Yes,,The fair coin toss did not mention how many tosses I would be making to  determine the average amount I would make per toss,660
56,Female,Yes,British,Bachelor's degree,No,,,661
47,Male,Yes,British,Bachelor's degree,No,,,662
32,Female,Yes,British ,High school,No,,,663
58,Female,Yes,canadian,Bachelor's degree,No,,,664
37,Female,Yes,South African,Bachelor's degree,No,,,665
54,Male,Yes,British,Bachelor's degree,No,,,666
40,Female,Yes,American,Bachelor's degree,No,,,667
51,Male,Yes,British,Bachelor's degree,No,,,668
22,Female,Yes,Australian,High school,No,,,669
20,Female,Yes,nigerian,High school,No,,,670
28,Male,Yes,American,Bachelor's degree,No,,,671
39,Female,Yes,Canadian,Bachelor's degree,No,,,672
21,Male,Yes,American,Bachelor's degree,No,,,673
34,Female,Yes,Nigerian,Bachelor's degree,No,,,674
24,Female,Yes,British,High school,Yes,,"I wasn't sure on the average if you toss a coin, the last question on the previous page",675
39,Female,Yes,British,Bachelor's degree,No,,,676
52,Female,Yes,British,Bachelor's degree,No,,,677
35,Male,Yes,American,Master's Degree,No,,,678
54,Male,Yes,British,Bachelor's degree,No,,,679
33,Female,Yes,USA,Bachelor's degree,No,,,680
29,Male,Yes,United Kingdom,Bachelor's degree,No,,,681
28,Male,Yes,United States,Master's Degree,No,,,682
31,Female,Yes,American,Bachelor's degree,No,,,683
54,Female,Yes,United kingdom ,Master's Degree,No,,,684
44,Male,Yes,united kingdom,Master's Degree,Yes,,,685
31,Female,Yes,British,Master's Degree,No,,,686
